{"elements":[{"from":[8,5,3],"to":[14,9,9],"rotation":{"angle":0,"axis":"y","origin":[6,8,11]},"faces":{"north":{"uv":[0,10,6,14],"texture":"#1"},"east":{"uv":[0,6,6,10],"texture":"#1"},"south":{"uv":[6,10,12,14],"texture":"#1"},"west":{"uv":[6,6,12,10],"texture":"#1"},"up":{"uv":[0,0,6,6],"rotation":90,"texture":"#1"},"down":{"uv":[0,0,6,6],"rotation":270,"texture":"#1"}}},{"from":[7,3,2],"to":[15,5,10],"rotation":{"angle":0,"axis":"y","origin":[6,8,11]},"faces":{"north":{"uv":[0,14,8,16],"texture":"#1"},"east":{"uv":[0,14,8,16],"texture":"#1"},"south":{"uv":[0,14,8,16],"texture":"#1"},"west":{"uv":[0,14,8,16],"texture":"#1"},"up":{"uv":[2,6,10,14],"rotation":90,"texture":"#1"},"down":{"uv":[6,0,12,6],"rotation":270,"texture":"#1"}}},{"from":[10,0,5],"to":[12,3,7],"rotation":{"angle":0,"axis":"y","origin":[6,8,11]},"faces":{"north":{"uv":[14,0,16,3],"texture":"#1"},"east":{"uv":[14,0,16,3],"texture":"#1"},"south":{"uv":[14,0,16,3],"texture":"#1"},"west":{"uv":[14,0,16,3],"texture":"#1"},"up":{"uv":[0,0,2,2],"rotation":90,"texture":"#1"},"down":{"uv":[14,4,16,6],"rotation":270,"texture":"#1"}}},{"from":[3,3,11],"to":[7,6,15],"rotation":{"angle":-22.5,"axis":"y","origin":[10,8,8]},"faces":{"north":{"uv":[6,10,12,14],"texture":"#1"},"east":{"uv":[6,6,12,10],"texture":"#1"},"south":{"uv":[0,10,6,14],"texture":"#1"},"west":{"uv":[0,6,6,10],"texture":"#1"},"up":{"uv":[0,0,6,6],"rotation":270,"texture":"#1"},"down":{"uv":[0,0,6,6],"rotation":90,"texture":"#1"}}},{"from":[2,1,10],"to":[8,3,16],"rotation":{"angle":-22.5,"axis":"y","origin":[10,8,8]},"faces":{"north":{"uv":[0,14,8,16],"texture":"#1"},"east":{"uv":[0,14,8,16],"texture":"#1"},"south":{"uv":[0,14,8,16],"texture":"#1"},"west":{"uv":[0,14,8,16],"texture":"#1"},"up":{"uv":[2,6,10,14],"rotation":270,"texture":"#1"},"down":{"uv":[6,0,12,6],"rotation":90,"texture":"#1"}}},{"from":[4,0,12],"to":[6,1,14],"rotation":{"angle":-22.5,"axis":"y","origin":[10,8,8]},"faces":{"north":{"uv":[14,0,16,1],"texture":"#1"},"east":{"uv":[14,0,16,1],"texture":"#1"},"south":{"uv":[14,0,16,1],"texture":"#1"},"west":{"uv":[14,0,16,1],"texture":"#1"},"up":{"uv":[0,0,2,2],"rotation":270,"texture":"#1"},"down":{"uv":[14,4,16,6],"rotation":90,"texture":"#1"}}}],"parent":"minecraft:block/cross","textures":{"1":"block/crimson_fungus_mx","particle":"block/crimson_fungus_mx"}}