{"elements":[{"from":[5,2,5],"to":[11,5,11],"rotation":{"angle":0,"axis":"y","origin":[13,10,-1]},"faces":{"north":{"uv":[0,11,6,14],"texture":"#1"},"east":{"uv":[6,7,12,10],"texture":"#1"},"south":{"uv":[0,7,6,10],"texture":"#1"},"west":{"uv":[6,11,12,14],"texture":"#1"},"up":{"uv":[0,0,6,6],"rotation":270,"texture":"#1"},"down":{"uv":[6,0,12,6],"rotation":90,"texture":"#1"}}},{"from":[7,0,7],"to":[9,2,9],"rotation":{"angle":0,"axis":"y","origin":[13,10,-1]},"faces":{"north":{"uv":[14,0,16,2],"texture":"#1"},"east":{"uv":[14,0,16,2],"texture":"#1"},"south":{"uv":[14,0,16,2],"texture":"#1"},"west":{"uv":[14,0,16,2],"texture":"#1"},"up":{"uv":[0,0,2,2],"rotation":270,"texture":"#1"},"down":{"uv":[14,4,16,6],"rotation":90,"texture":"#1"}}}],"parent":"minecraft:block/cross","textures":{"1":"block/red_mushroom_mx","particle":"block/red_mushroom_mx"}}