{"elements":[{"from":[2,3,5],"to":[10,7,13],"rotation":{"angle":-22.5,"axis":"y","origin":[11,8,4]},"faces":{"north":{"uv":[0,12,8,16],"texture":"#1"},"east":{"uv":[8,8,16,12],"texture":"#1"},"south":{"uv":[0,8,8,12],"texture":"#1"},"west":{"uv":[8,12,16,16],"texture":"#1"},"up":{"uv":[0,0,8,8],"rotation":270,"texture":"#1"},"down":{"uv":[8,0,14,6],"rotation":90,"texture":"#1"}}},{"from":[5,0,8],"to":[7,3,10],"rotation":{"angle":-22.5,"axis":"y","origin":[11,8,4]},"faces":{"north":{"uv":[14,0,16,3],"texture":"#1"},"east":{"uv":[14,0,16,3],"texture":"#1"},"south":{"uv":[14,0,16,3],"texture":"#1"},"west":{"uv":[14,0,16,3],"texture":"#1"},"up":{"uv":[0,0,2,2],"rotation":270,"texture":"#1"},"down":{"uv":[14,6,16,8],"rotation":90,"texture":"#1"}}},{"from":[8,1,10],"to":[14,4,16],"rotation":{"angle":22.5,"axis":"y","origin":[6,8,8]},"faces":{"north":{"uv":[8,8,16,12],"texture":"#1"},"east":{"uv":[0,8,8,12],"texture":"#1"},"south":{"uv":[8,12,16,16],"texture":"#1"},"west":{"uv":[0,12,8,16],"texture":"#1"},"up":{"uv":[0,0,8,8],"rotation":180,"texture":"#1"},"down":{"uv":[8,0,14,6],"rotation":180,"texture":"#1"}}},{"from":[10,0,12],"to":[12,1,14],"rotation":{"angle":22.5,"axis":"y","origin":[6,8,8]},"faces":{"north":{"uv":[14,0,16,1],"texture":"#1"},"east":{"uv":[14,0,16,1],"texture":"#1"},"south":{"uv":[14,0,16,1],"texture":"#1"},"west":{"uv":[14,0,16,1],"texture":"#1"},"up":{"uv":[0,0,2,2],"rotation":180,"texture":"#1"},"down":{"uv":[14,6,16,8],"rotation":180,"texture":"#1"}}}],"parent":"minecraft:block/cross","textures":{"1":"block/warped_fungus_mx","particle":"block/warped_fungus_mx"}}