{"elements":[{"from":[11,4,6],"to":[19,8,14],"rotation":{"angle":22.5,"axis":"y","origin":[10,12,15]},"faces":{"north":{"uv":[0,8,8,12],"texture":"#1"},"east":{"uv":[8,12,16,16],"texture":"#1"},"south":{"uv":[0,12,8,16],"texture":"#1"},"west":{"uv":[8,8,16,12],"texture":"#1"},"up":{"uv":[0,0,8,8],"rotation":90,"texture":"#1"},"down":{"uv":[8,0,14,6],"rotation":270,"texture":"#1"}}},{"from":[14,0,9],"to":[16,4,11],"rotation":{"angle":22.5,"axis":"y","origin":[10,12,15]},"faces":{"north":{"uv":[14,0,16,4],"texture":"#1"},"east":{"uv":[14,0,16,4],"texture":"#1"},"south":{"uv":[14,0,16,4],"texture":"#1"},"west":{"uv":[14,0,16,4],"texture":"#1"},"up":{"uv":[0,0,2,2],"rotation":90,"texture":"#1"},"down":{"uv":[14,6,16,8],"rotation":270,"texture":"#1"}}},{"from":[3,2,-4],"to":[9,5,2],"rotation":{"angle":45,"axis":"y","origin":[11,8,4]},"faces":{"north":{"uv":[8,12,16,16],"texture":"#1"},"east":{"uv":[0,12,8,16],"texture":"#1"},"south":{"uv":[8,8,16,12],"texture":"#1"},"west":{"uv":[0,8,8,12],"texture":"#1"},"up":{"uv":[0,0,8,8],"texture":"#1"},"down":{"uv":[8,0,14,6],"texture":"#1"}}},{"from":[5,0,-2],"to":[7,2,0],"rotation":{"angle":45,"axis":"y","origin":[11,8,4]},"faces":{"north":{"uv":[14,0,16,2],"texture":"#1"},"east":{"uv":[14,0,16,2],"texture":"#1"},"south":{"uv":[14,0,16,2],"texture":"#1"},"west":{"uv":[14,0,16,2],"texture":"#1"},"up":{"uv":[0,0,2,2],"texture":"#1"},"down":{"uv":[14,6,16,8],"texture":"#1"}}},{"from":[4,1,13],"to":[8,3,17],"rotation":{"angle":-22.5,"axis":"y","origin":[11,8,20]},"faces":{"north":{"uv":[8,12,16,16],"texture":"#1"},"east":{"uv":[0,12,8,16],"texture":"#1"},"south":{"uv":[8,8,16,12],"texture":"#1"},"west":{"uv":[0,8,8,12],"texture":"#1"},"up":{"uv":[0,0,8,8],"texture":"#1"},"down":{"uv":[8,0,14,6],"texture":"#1"}}},{"from":[5,0,14],"to":[7,1,16],"rotation":{"angle":-22.5,"axis":"y","origin":[11,8,20]},"faces":{"north":{"uv":[14,0,16,1],"texture":"#1"},"east":{"uv":[14,0,16,1],"texture":"#1"},"south":{"uv":[14,0,16,1],"texture":"#1"},"west":{"uv":[14,0,16,1],"texture":"#1"},"up":{"uv":[0,0,2,2],"texture":"#1"},"down":{"uv":[14,6,16,8],"texture":"#1"}}}],"parent":"minecraft:block/cross","textures":{"1":"block/warped_fungus_mx","particle":"block/warped_fungus_mx"}}