{"elements":[{"from":[5.3,4,4.3],"to":[10.7,5.7,9.7],"rotation":{"angle":-22.5,"axis":"y","origin":[1,7,14]},"faces":{"north":{"uv":[0,6,5,8],"texture":"#1"},"east":{"uv":[0,13,5,15],"texture":"#1"},"south":{"uv":[0,11,5,13],"texture":"#1"},"west":{"uv":[0,8,5,10],"texture":"#1"},"up":{"uv":[0,0,5,5],"rotation":90,"texture":"#1"},"down":{"uv":[0,0,5,5],"rotation":270,"texture":"#1"}}},{"from":[7.3,0,6.3],"to":[8.7,4,7.7],"rotation":{"angle":-22.5,"axis":"y","origin":[1,8,14]},"faces":{"north":{"uv":[14,0,16,4],"texture":"#1"},"east":{"uv":[14,0,16,4],"texture":"#1"},"south":{"uv":[14,0,16,4],"texture":"#1"},"west":{"uv":[14,0,16,4],"texture":"#1"},"up":{"uv":[0,0,1,1],"rotation":90,"texture":"#1"},"down":{"uv":[14,5,16,7],"rotation":270,"texture":"#1"}}},{"from":[5,3,7],"to":[8,4,10],"rotation":{"angle":22.5,"axis":"y","origin":[13,10,15]},"faces":{"north":{"uv":[0,3,3,4],"texture":"#1"},"east":{"uv":[2,0,5,1],"texture":"#1"},"south":{"uv":[0,0,3,1],"texture":"#1"},"west":{"uv":[2,4,5,5],"texture":"#1"},"up":{"uv":[6,0,9,3],"texture":"#1"},"down":{"uv":[0,0,3,3],"texture":"#1"}}},{"from":[6,0,8],"to":[7,3,9],"rotation":{"angle":22.5,"axis":"y","origin":[13,10,15]},"faces":{"north":{"uv":[15,0,16,3],"texture":"#1"},"east":{"uv":[15,0,16,3],"texture":"#1"},"south":{"uv":[15,0,16,3],"texture":"#1"},"west":{"uv":[15,0,16,3],"texture":"#1"},"up":{"uv":[0,0,1,1],"texture":"#1"},"down":{"uv":[14,5,15,6],"texture":"#1"}}},{"from":[0,2,-1],"to":[3,3,2],"rotation":{"angle":-22.5,"axis":"y","origin":[-5,10,7]},"faces":{"north":{"uv":[2,4,5,5],"texture":"#1"},"east":{"uv":[0,3,3,4],"texture":"#1"},"south":{"uv":[2,0,5,1],"texture":"#1"},"west":{"uv":[0,0,3,1],"texture":"#1"},"up":{"uv":[6,0,9,3],"rotation":90,"texture":"#1"},"down":{"uv":[0,0,3,3],"rotation":270,"texture":"#1"}}},{"from":[1,0,0],"to":[2,2,1],"rotation":{"angle":-22.5,"axis":"y","origin":[-5,10,7]},"faces":{"north":{"uv":[15,0,16,2],"texture":"#1"},"east":{"uv":[15,0,16,2],"texture":"#1"},"south":{"uv":[15,0,16,2],"texture":"#1"},"west":{"uv":[15,0,16,2],"texture":"#1"},"up":{"uv":[0,0,1,1],"rotation":90,"texture":"#1"},"down":{"uv":[14,5,15,6],"rotation":270,"texture":"#1"}}}],"parent":"minecraft:block/cross","textures":{"1":"block/brown_mushroom_mx","particle":"block/brown_mushroom_mx"}}