{"elements":[{"from":[8.6,4,3.6],"to":[13.4,5.7,8.4],"rotation":{"angle":22.5,"axis":"y","origin":[18,7,13]},"faces":{"north":{"uv":[0,13,5,15],"texture":"#1"},"east":{"uv":[0,11,5,13],"texture":"#1"},"south":{"uv":[0,8,5,10],"texture":"#1"},"west":{"uv":[0,6,5,8],"texture":"#1"},"up":{"uv":[0,0,5,5],"texture":"#1"},"down":{"uv":[0,0,5,5],"texture":"#1"}}},{"from":[10.3,0,5.3],"to":[11.7,4,6.7],"rotation":{"angle":22.5,"axis":"y","origin":[18,8,13]},"faces":{"north":{"uv":[14,0,16,4],"texture":"#1"},"east":{"uv":[14,0,16,4],"texture":"#1"},"south":{"uv":[14,0,16,4],"texture":"#1"},"west":{"uv":[14,0,16,4],"texture":"#1"},"up":{"uv":[0,0,1,1],"texture":"#1"},"down":{"uv":[14,5,16,7],"texture":"#1"}}},{"from":[2,3,5],"to":[5,4,8],"rotation":{"angle":-22.5,"axis":"y","origin":[10,10,13]},"faces":{"north":{"uv":[0,3,3,4],"texture":"#1"},"east":{"uv":[2,0,5,1],"texture":"#1"},"south":{"uv":[0,0,3,1],"texture":"#1"},"west":{"uv":[2,4,5,5],"texture":"#1"},"up":{"uv":[6,0,9,3],"texture":"#1"},"down":{"uv":[0,0,3,3],"texture":"#1"}}},{"from":[3,0,6],"to":[4,3,7],"rotation":{"angle":-22.5,"axis":"y","origin":[10,10,13]},"faces":{"north":{"uv":[15,0,16,3],"texture":"#1"},"east":{"uv":[15,0,16,3],"texture":"#1"},"south":{"uv":[15,0,16,3],"texture":"#1"},"west":{"uv":[15,0,16,3],"texture":"#1"},"up":{"uv":[0,0,1,1],"texture":"#1"},"down":{"uv":[14,5,15,6],"texture":"#1"}}}],"parent":"minecraft:block/cross","textures":{"1":"block/brown_mushroom_mx","particle":"block/brown_mushroom_mx"}}