{"elements":[{"from":[1.3,5.4,7.3],"to":[6.7,7.1,12.7],"rotation":{"angle":-22.5,"axis":"y","origin":[11,8.4,17]},"faces":{"north":{"uv":[0,13,5,15],"texture":"#1"},"east":{"uv":[0,11,5,13],"texture":"#1"},"south":{"uv":[0,8,5,10],"texture":"#1"},"west":{"uv":[0,6,5,8],"texture":"#1"},"up":{"uv":[0,0,5,5],"texture":"#1"},"down":{"uv":[0,0,5,5],"texture":"#1"}}},{"from":[3.3,0,9.3],"to":[4.7,5.4,10.7],"rotation":{"angle":-22.5,"axis":"y","origin":[11,8,17]},"faces":{"north":{"uv":[14,0,16,6],"texture":"#1"},"east":{"uv":[14,0,16,6],"texture":"#1"},"south":{"uv":[14,0,16,6],"texture":"#1"},"west":{"uv":[14,0,16,6],"texture":"#1"},"up":{"uv":[0,0,1,1],"texture":"#1"},"down":{"uv":[14,5,16,7],"texture":"#1"}}},{"from":[16,3,7],"to":[19,4,10],"rotation":{"angle":45,"axis":"y","origin":[11,10,15]},"faces":{"north":{"uv":[2,4,5,5],"texture":"#1"},"east":{"uv":[0,3,3,4],"texture":"#1"},"south":{"uv":[2,0,5,1],"texture":"#1"},"west":{"uv":[0,0,3,1],"texture":"#1"},"up":{"uv":[6,0,9,3],"rotation":90,"texture":"#1"},"down":{"uv":[0,0,3,3],"rotation":270,"texture":"#1"}}},{"from":[17,0,8],"to":[18,3,9],"rotation":{"angle":45,"axis":"y","origin":[11,10,15]},"faces":{"north":{"uv":[15,0,16,3],"texture":"#1"},"east":{"uv":[15,0,16,3],"texture":"#1"},"south":{"uv":[15,0,16,3],"texture":"#1"},"west":{"uv":[15,0,16,3],"texture":"#1"},"up":{"uv":[0,0,1,1],"rotation":90,"texture":"#1"},"down":{"uv":[14,5,15,6],"rotation":270,"texture":"#1"}}}],"parent":"minecraft:block/cross","textures":{"1":"block/brown_mushroom_mx","particle":"block/brown_mushroom_mx"}}