{"elements":[{"from":[5,5,5],"to":[11,9,11],"rotation":{"angle":-22.5,"axis":"y","origin":[13,8,13]},"faces":{"north":{"uv":[0,6,6,10],"texture":"#1"},"east":{"uv":[6,10,12,14],"texture":"#1"},"south":{"uv":[6,6,12,10],"texture":"#1"},"west":{"uv":[0,10,6,14],"texture":"#1"},"up":{"uv":[0,0,6,6],"texture":"#1"},"down":{"uv":[0,0,6,6],"texture":"#1"}}},{"from":[4,3,4],"to":[12,5,12],"rotation":{"angle":-22.5,"axis":"y","origin":[13,8,13]},"faces":{"north":{"uv":[0,14,8,16],"texture":"#1"},"east":{"uv":[0,14,8,16],"texture":"#1"},"south":{"uv":[0,14,8,16],"texture":"#1"},"west":{"uv":[0,14,8,16],"texture":"#1"},"up":{"uv":[2,6,10,14],"texture":"#1"},"down":{"uv":[6,0,12,6],"texture":"#1"}}},{"from":[7,0,7],"to":[9,3,9],"rotation":{"angle":-22.5,"axis":"y","origin":[13,8,13]},"faces":{"north":{"uv":[14,0,16,3],"texture":"#1"},"east":{"uv":[14,0,16,3],"texture":"#1"},"south":{"uv":[14,0,16,3],"texture":"#1"},"west":{"uv":[14,0,16,3],"texture":"#1"},"up":{"uv":[0,0,2,2],"texture":"#1"},"down":{"uv":[14,4,16,6],"texture":"#1"}}},{"from":[1,3,10],"to":[5,6,14],"rotation":{"angle":0,"axis":"y","origin":[8,11,17]},"faces":{"north":{"uv":[0,6,6,10],"texture":"#1"},"east":{"uv":[6,10,12,14],"texture":"#1"},"south":{"uv":[6,6,12,10],"texture":"#1"},"west":{"uv":[0,10,6,14],"texture":"#1"},"up":{"uv":[0,0,6,6],"texture":"#1"},"down":{"uv":[0,0,6,6],"texture":"#1"}}},{"from":[0,1,9],"to":[6,3,15],"rotation":{"angle":0,"axis":"y","origin":[8,9,17]},"faces":{"north":{"uv":[0,14,8,16],"texture":"#1"},"east":{"uv":[0,14,8,16],"texture":"#1"},"south":{"uv":[0,14,8,16],"texture":"#1"},"west":{"uv":[0,14,8,16],"texture":"#1"},"up":{"uv":[2,6,10,14],"texture":"#1"},"down":{"uv":[6,0,12,6],"texture":"#1"}}},{"from":[2,0,11],"to":[4,1,13],"rotation":{"angle":0,"axis":"y","origin":[8,8,17]},"faces":{"north":{"uv":[14,0,16,1],"texture":"#1"},"east":{"uv":[14,0,16,1],"texture":"#1"},"south":{"uv":[14,0,16,1],"texture":"#1"},"west":{"uv":[14,0,16,1],"texture":"#1"},"up":{"uv":[0,0,2,2],"texture":"#1"},"down":{"uv":[14,4,16,6],"texture":"#1"}}}],"parent":"minecraft:block/cross","textures":{"1":"block/crimson_fungus_mx","particle":"block/crimson_fungus_mx"}}