{"elements":[{"from":[5,4,6],"to":[11,8,12],"rotation":{"angle":22.5,"axis":"y","origin":[13,7,14]},"faces":{"north":{"uv":[0,6,6,10],"texture":"#1"},"east":{"uv":[6,10,12,14],"texture":"#1"},"south":{"uv":[6,6,12,10],"texture":"#1"},"west":{"uv":[0,10,6,14],"texture":"#1"},"up":{"uv":[0,0,6,6],"texture":"#1"},"down":{"uv":[0,0,6,6],"texture":"#1"}}},{"from":[4,2,5],"to":[12,4,13],"rotation":{"angle":22.5,"axis":"y","origin":[13,7,14]},"faces":{"north":{"uv":[0,14,8,16],"texture":"#1"},"east":{"uv":[0,14,8,16],"texture":"#1"},"south":{"uv":[0,14,8,16],"texture":"#1"},"west":{"uv":[0,14,8,16],"texture":"#1"},"up":{"uv":[2,6,10,14],"texture":"#1"},"down":{"uv":[6,0,12,6],"texture":"#1"}}},{"from":[7,0,8],"to":[9,2,10],"rotation":{"angle":22.5,"axis":"y","origin":[13,8,14]},"faces":{"north":{"uv":[14,0,16,2],"texture":"#1"},"east":{"uv":[14,0,16,2],"texture":"#1"},"south":{"uv":[14,0,16,2],"texture":"#1"},"west":{"uv":[14,0,16,2],"texture":"#1"},"up":{"uv":[0,0,2,2],"texture":"#1"},"down":{"uv":[14,4,16,6],"texture":"#1"}}},{"from":[6,3,3],"to":[10,6,7],"rotation":{"angle":-22.5,"axis":"y","origin":[13,8,10]},"faces":{"north":{"uv":[0,6,6,10],"texture":"#1"},"east":{"uv":[6,10,12,14],"texture":"#1"},"south":{"uv":[6,6,12,10],"texture":"#1"},"west":{"uv":[0,10,6,14],"texture":"#1"},"up":{"uv":[0,0,6,6],"texture":"#1"},"down":{"uv":[0,0,6,6],"texture":"#1"}}},{"from":[5,1,2],"to":[11,3,8],"rotation":{"angle":-22.5,"axis":"y","origin":[13,8,10]},"faces":{"north":{"uv":[0,14,8,16],"texture":"#1"},"east":{"uv":[0,14,8,16],"texture":"#1"},"south":{"uv":[0,14,8,16],"texture":"#1"},"west":{"uv":[0,14,8,16],"texture":"#1"},"up":{"uv":[2,6,10,14],"texture":"#1"},"down":{"uv":[6,0,12,6],"texture":"#1"}}},{"from":[7,0,4],"to":[9,1,6],"rotation":{"angle":-22.5,"axis":"y","origin":[13,8,10]},"faces":{"north":{"uv":[14,0,16,1],"texture":"#1"},"east":{"uv":[14,0,16,1],"texture":"#1"},"south":{"uv":[14,0,16,1],"texture":"#1"},"west":{"uv":[14,0,16,1],"texture":"#1"},"up":{"uv":[0,0,2,2],"texture":"#1"},"down":{"uv":[14,4,16,6],"texture":"#1"}}}],"parent":"minecraft:block/cross","textures":{"1":"block/crimson_fungus_mx","particle":"block/crimson_fungus_mx"}}