{"elements":[{"from":[6,3,11],"to":[12,6,17],"rotation":{"angle":-45,"axis":"y","origin":[14,8,9]},"faces":{"north":{"uv":[0,12,8,16],"texture":"#1"},"east":{"uv":[8,8,16,12],"texture":"#1"},"south":{"uv":[0,8,8,12],"texture":"#1"},"west":{"uv":[8,12,16,16],"texture":"#1"},"up":{"uv":[0,0,8,8],"rotation":270,"texture":"#1"},"down":{"uv":[8,0,14,6],"rotation":90,"texture":"#1"}}},{"from":[8,0,13],"to":[10,3,15],"rotation":{"angle":-45,"axis":"y","origin":[14,8,9]},"faces":{"north":{"uv":[14,0,16,3],"texture":"#1"},"east":{"uv":[14,0,16,3],"texture":"#1"},"south":{"uv":[14,0,16,3],"texture":"#1"},"west":{"uv":[14,0,16,3],"texture":"#1"},"up":{"uv":[0,0,2,2],"rotation":270,"texture":"#1"},"down":{"uv":[14,6,16,8],"rotation":90,"texture":"#1"}}},{"from":[12,2,4],"to":[16,4,8],"rotation":{"angle":22.5,"axis":"y","origin":[9,8,11]},"faces":{"north":{"uv":[0,8,8,12],"texture":"#1"},"east":{"uv":[8,12,16,16],"texture":"#1"},"south":{"uv":[0,12,8,16],"texture":"#1"},"west":{"uv":[8,8,16,12],"texture":"#1"},"up":{"uv":[0,0,8,8],"rotation":90,"texture":"#1"},"down":{"uv":[8,0,14,6],"rotation":270,"texture":"#1"}}},{"from":[13,0,5],"to":[15,2,7],"rotation":{"angle":22.5,"axis":"y","origin":[9,8,11]},"faces":{"north":{"uv":[14,0,16,2],"texture":"#1"},"east":{"uv":[14,0,16,2],"texture":"#1"},"south":{"uv":[14,0,16,2],"texture":"#1"},"west":{"uv":[14,0,16,2],"texture":"#1"},"up":{"uv":[0,0,2,2],"rotation":90,"texture":"#1"},"down":{"uv":[14,6,16,8],"rotation":270,"texture":"#1"}}}],"parent":"minecraft:block/cross","textures":{"1":"block/warped_fungus_mx","particle":"block/warped_fungus_mx"}}