{"elements":[{"from":[4,4,4],"to":[12,8,12],"rotation":{"angle":0,"axis":"y","origin":[13,12,13]},"faces":{"north":{"uv":[8,12,16,16],"texture":"#1"},"east":{"uv":[0,12,8,16],"texture":"#1"},"south":{"uv":[8,8,16,12],"texture":"#1"},"west":{"uv":[0,8,8,12],"texture":"#1"},"up":{"uv":[0,0,8,8],"texture":"#1"},"down":{"uv":[8,0,14,6],"texture":"#1"}}},{"from":[7,0,7],"to":[9,4,9],"rotation":{"angle":0,"axis":"y","origin":[13,8,13]},"faces":{"north":{"uv":[14,0,16,4],"texture":"#1"},"east":{"uv":[14,0,16,4],"texture":"#1"},"south":{"uv":[14,0,16,4],"texture":"#1"},"west":{"uv":[14,0,16,4],"texture":"#1"},"up":{"uv":[0,0,2,2],"texture":"#1"},"down":{"uv":[14,6,16,8],"texture":"#1"}}}],"parent":"minecraft:block/cross","textures":{"1":"block/warped_fungus_mx","particle":"block/warped_fungus_mx"}}